City_ID,City,Country,Lat,Lng,Max Temp,Humidity,Cloudiness,Wind Speed,Current Weather
0,Kapaa,US,22.0752,-159.319,80.58,83,75,10.36,broken clouds
1,Bowen,AU,-20.0167,148.2333,58.73,81,32,10.04,scattered clouds
2,Paamiut,GL,61.994,-49.6678,38.25,88,1,25.86,clear sky
3,Bayanday,RU,53.0661,105.5139,47.44,87,0,1.05,clear sky
4,Punta Arenas,CL,-53.15,-70.9167,39.31,75,40,14.97,scattered clouds
5,Hermanus,ZA,-34.4187,19.2345,55.8,82,97,6.98,overcast clouds
6,Ancud,CL,-41.8697,-73.8203,40.35,70,83,7.4,broken clouds
7,Jamestown,US,42.097,-79.2353,87.44,67,40,16.11,scattered clouds
8,Hualmay,PE,-11.0964,-77.6139,65.97,70,7,11.32,clear sky
9,Castro,BR,-24.7911,-50.0119,62.51,83,1,6.85,clear sky
10,Amalapuram,IN,16.5833,82.0167,82.58,76,100,5.08,overcast clouds
11,Georgetown,MY,5.4112,100.3354,79.9,93,40,5.01,thunderstorm with light rain
12,Awbari,LY,26.5921,12.7805,90.34,13,0,8.37,clear sky
13,Kodiak,US,57.79,-152.4072,62.11,59,0,6.91,clear sky
14,Brigantine,US,39.4101,-74.3646,68.04,88,100,13.8,overcast clouds
15,Vadso,NO,70.0744,29.7487,45.48,87,75,18.41,broken clouds
16,Cortez,US,37.3489,-108.5859,77.76,41,40,16.11,scattered clouds
17,Obo,CF,5.3998,26.4869,70.3,82,49,3.06,scattered clouds
18,Port Elizabeth,ZA,-33.918,25.5701,60.1,93,97,0.0,overcast clouds
19,Mataura,NZ,-46.1927,168.8643,28.47,73,100,2.8,overcast clouds
20,Hobart,AU,-42.8794,147.3294,52.27,86,75,6.91,broken clouds
21,New Norfolk,AU,-42.7826,147.0587,52.92,82,100,2.86,overcast clouds
22,Touros,BR,-5.1989,-35.4608,75.83,88,100,8.37,light rain
23,Bocana De Paiwas,NI,12.7857,-85.1227,80.33,81,29,11.59,light rain
24,Provideniya,RU,64.3833,-173.3,41.36,100,100,13.42,fog
25,Necochea,AR,-38.5473,-58.7368,41.41,59,77,5.03,broken clouds
26,Longyearbyen,SJ,78.2186,15.6401,44.44,65,75,17.27,broken clouds
27,Vestmannaeyjar,IS,63.4427,-20.2734,47.61,72,100,10.58,overcast clouds
28,Masuguru,TZ,-11.3667,38.4167,65.88,54,0,3.4,clear sky
29,Avarua,CK,-21.2078,-159.775,82.45,78,40,16.11,scattered clouds
30,Barrow,US,71.2906,-156.7887,48.22,81,100,13.8,overcast clouds
31,Cape Town,ZA,-33.9258,18.4232,60.12,92,88,3.44,mist
32,Kavieng,PG,-2.5744,150.7967,81.37,75,100,3.96,overcast clouds
33,Ushuaia,AR,-54.8,-68.3,40.62,81,40,32.21,scattered clouds
34,Ekibastuz,KZ,51.6667,75.3667,68.02,53,13,9.44,few clouds
35,Aklavik,CA,68.2191,-135.0107,64.4,52,40,4.61,scattered clouds
36,Zyryanka,RU,65.75,150.85,60.82,59,100,19.35,overcast clouds
37,San Cristobal,VE,7.7669,-72.225,82.58,50,13,7.74,few clouds
38,Narsaq,GL,60.9167,-46.05,57.42,48,0,1.77,clear sky
39,Hilo,US,19.7297,-155.09,81.25,73,100,3.44,overcast clouds
40,Falam,MM,22.9167,93.6833,63.68,98,100,3.13,overcast clouds
41,Tyshkivka,UA,48.4967,30.9423,52.95,90,52,13.56,broken clouds
42,Albany,US,42.6001,-73.9662,65.88,80,95,12.5,overcast clouds
43,Makakilo City,US,21.3469,-158.0858,80.92,57,40,12.66,scattered clouds
44,Saint-Philippe,RE,-21.3585,55.7679,65.79,69,1,5.55,clear sky
45,Penarroya-Pueblonuevo,ES,38.3,-5.2667,67.44,52,100,4.43,overcast clouds
46,Dikson,RU,73.5069,80.5464,38.79,86,100,14.36,overcast clouds
47,Pevek,RU,69.7008,170.3133,44.24,57,100,18.1,overcast clouds
48,Hervey Bay,AU,-25.2986,152.8535,53.02,87,0,3.0,clear sky
49,Rikitea,PF,-23.1203,-134.9692,74.95,77,39,12.1,scattered clouds
50,Pampas,PE,-12.4,-74.9,56.34,57,78,7.23,broken clouds
51,Souillac,MU,-20.5167,57.5167,66.58,82,75,10.36,light rain
52,Mahdasht,IR,35.7299,50.8111,88.02,8,0,6.91,clear sky
53,Marystown,CA,47.1666,-55.1483,58.75,74,44,9.73,scattered clouds
54,Qaanaaq,GL,77.484,-69.3632,39.67,61,10,1.3,clear sky
55,Lazaro Cardenas,MX,17.9583,-102.2,83.03,70,100,8.7,overcast clouds
56,Kargasok,RU,59.0556,80.8572,54.88,96,96,6.91,overcast clouds
57,Upernavik,GL,72.7868,-56.1549,33.82,89,100,9.84,overcast clouds
58,Trincomalee,LK,8.5711,81.2335,81.66,71,100,19.95,overcast clouds
59,Amapa,BR,1.0,-52.0,76.14,93,13,0.87,few clouds
60,Bengkulu,ID,-3.8004,102.2655,74.39,93,100,5.75,overcast clouds
61,Zapolyarnyy,RU,69.4154,30.8136,43.88,84,30,15.17,scattered clouds
62,Dauphin,CA,51.1494,-100.0502,78.94,44,0,9.22,clear sky
63,Fairbanks,US,64.8378,-147.7164,72.61,54,40,9.22,smoke
64,Tasiilaq,GL,65.6145,-37.6368,41.16,76,5,5.1,clear sky
65,Conceicao Do Araguaia,BR,-8.2578,-49.2647,84.22,43,83,5.01,broken clouds
66,Saint Anthony,US,45.0205,-93.218,85.01,46,20,14.97,few clouds
67,Puerto Ayora,EC,-0.7393,-90.3518,78.76,89,59,11.01,broken clouds
68,Axim,GH,4.8699,-2.2405,74.8,93,100,6.08,overcast clouds
69,Aranos,NA,-24.1333,19.1167,47.1,40,0,8.68,clear sky
70,Ribeira Grande,PT,38.5167,-28.7,68.4,73,40,11.5,scattered clouds
71,Mumford,GH,5.2618,-0.759,74.66,91,100,9.89,overcast clouds
72,Bathsheba,BB,13.2167,-59.5167,86.61,70,40,12.66,scattered clouds
73,Labuhan,ID,-6.8844,112.2051,76.8,82,98,7.11,overcast clouds
74,Kloulklubed,PW,7.0419,134.2556,75.7,71,97,7.16,overcast clouds
75,Chuy,UY,-33.6971,-53.4616,49.82,64,90,13.13,light rain
76,Develi,TR,38.3906,35.4922,65.55,68,20,5.91,few clouds
77,Hithadhoo,MV,-0.6,73.0833,83.64,70,71,8.97,broken clouds
78,Sitka,US,57.0531,-135.33,51.69,87,100,0.0,light rain
79,Voh,NC,-20.9667,164.7,66.7,74,99,3.31,overcast clouds
80,Port Alfred,ZA,-33.5906,26.891,63.99,86,94,15.95,overcast clouds
81,Severo-Kurilsk,RU,50.6789,156.125,46.0,92,82,15.99,broken clouds
82,Nador,MA,35.174,-2.9287,71.85,53,0,5.75,clear sky
83,Sicamous,CA,50.8331,-118.9856,75.18,41,18,4.27,few clouds
84,Adra,ES,36.7496,-3.0206,73.38,74,2,11.99,clear sky
85,Yellowknife,CA,62.456,-114.3525,66.72,32,20,14.97,few clouds
86,Butaritari,KI,3.0707,172.7902,81.19,77,98,10.65,light rain
87,Bluff,NZ,-46.6,168.3333,28.8,71,100,8.28,overcast clouds
88,Busselton,AU,-33.65,115.3333,61.2,86,100,7.54,overcast clouds
89,Hasaki,JP,35.7333,140.8333,70.29,95,100,8.19,overcast clouds
90,Salym,RU,60.0625,71.4789,52.9,97,16,4.25,few clouds
91,Buin,CL,-33.7333,-70.75,58.05,63,100,0.45,overcast clouds
92,Ayagoz,KZ,47.9714,80.4392,71.85,38,87,5.26,overcast clouds
93,Angoche,MZ,-16.2325,39.9086,70.97,79,15,7.87,few clouds
94,Zhaotong,CN,27.3167,103.7167,63.63,97,100,2.66,moderate rain
95,Lata,PT,40.1629,-8.3327,61.92,94,26,1.9,scattered clouds
96,Sur,OM,22.5667,59.5289,85.78,71,3,20.2,clear sky
97,Bredasdorp,ZA,-34.5322,20.0403,60.58,69,99,6.06,overcast clouds
98,Codrington,AU,-38.2667,141.9667,51.76,93,100,16.13,overcast clouds
99,Cayenne,GF,4.9333,-52.3333,84.09,32,0,2.3,clear sky
100,Xuddur,SO,4.1213,43.8894,73.0,75,99,16.26,overcast clouds
101,Olinda,BR,-8.0089,-34.8553,69.53,100,100,6.91,moderate rain
102,Beisfjord,NO,68.3751,17.5988,48.25,75,93,6.89,light rain
103,Chokurdakh,RU,70.6333,147.9167,40.06,62,84,14.54,broken clouds
104,Mahebourg,MU,-20.4081,57.7,66.49,82,75,10.36,broken clouds
105,Saint George,US,37.1041,-113.5841,93.63,12,0,6.91,clear sky
106,Nikolskoye,RU,59.7035,30.7861,55.29,65,56,0.49,broken clouds
107,Khatanga,RU,71.9667,102.5,50.14,57,100,11.56,overcast clouds
108,Tuktoyaktuk,CA,69.4541,-133.0374,50.0,66,75,5.75,broken clouds
109,Erenhot,CN,43.6475,111.9767,68.47,47,61,11.16,broken clouds
110,Bonavista,CA,48.6499,-53.1147,54.61,80,44,5.32,scattered clouds
111,Colon,PA,9.3592,-79.9014,82.15,76,100,5.55,overcast clouds
112,Naze,JP,28.3667,129.4833,76.12,91,8,8.63,clear sky
113,Poum,NC,-20.2333,164.0167,72.32,62,100,6.31,overcast clouds
114,San Quintin,MX,30.4833,-115.95,75.43,62,1,14.63,clear sky
115,Sinnamary,GF,5.3833,-52.95,79.18,83,30,7.65,scattered clouds
116,Talnakh,RU,69.4865,88.3972,67.21,43,99,4.76,overcast clouds
117,Itaqui,BR,-29.1253,-56.5531,56.21,97,100,8.77,overcast clouds
118,Aguada De Pasajeros,CU,22.385,-80.8508,87.91,50,100,8.43,overcast clouds
119,Palenque,MX,17.5167,-91.9667,86.16,74,75,5.75,broken clouds
120,Nuevo Progreso,MX,23.1667,-97.95,83.53,68,100,9.1,light rain
121,Port Hedland,AU,-20.3167,118.5667,64.45,48,0,11.5,clear sky
122,Ossora,RU,59.2353,163.0719,49.05,88,98,6.38,overcast clouds
123,Mogadishu,SO,2.0371,45.3438,77.67,78,55,19.37,light rain
124,Tura,IN,25.5198,90.2201,73.36,98,71,4.76,broken clouds
125,Zhigansk,RU,66.7697,123.3711,51.64,75,4,10.89,clear sky
126,Ilhabela,BR,-23.7781,-45.3581,72.28,71,1,4.47,clear sky
127,Kruisfontein,ZA,-34.0033,24.7314,57.88,61,98,6.2,overcast clouds
128,Atuona,PF,-9.8,-139.0333,77.41,67,53,19.57,broken clouds
129,Carnarvon,AU,-24.8667,113.6333,67.57,79,5,13.11,clear sky
130,Kalianget,ID,-7.05,113.9333,79.21,82,100,10.56,overcast clouds
131,Bergerac,FR,44.8333,0.5,73.62,64,24,9.22,few clouds
132,Ilulissat,GL,69.2167,-51.1,37.42,81,75,4.61,broken clouds
133,Ixtapa,MX,20.7,-105.2,88.23,62,75,4.0,broken clouds
134,Lebu,CL,-37.6167,-73.65,47.97,91,100,7.78,overcast clouds
135,Sirohi,IN,24.8833,72.8667,87.06,43,58,2.59,broken clouds
136,Marathon,US,44.9,-89.7668,79.84,38,0,17.27,clear sky
137,Point Pleasant,US,40.0832,-74.0682,66.25,86,100,6.91,overcast clouds
138,Bonthe,SL,7.5264,-12.505,78.64,83,100,8.99,overcast clouds
139,Nanortalik,GL,60.1432,-45.2371,41.92,74,2,17.2,clear sky
140,Cairns,AU,-16.9167,145.7667,67.95,87,51,16.11,broken clouds
141,Hofn,IS,64.2539,-15.2082,49.46,58,33,15.77,scattered clouds
142,Mudkhed,IN,19.1667,77.5167,78.17,79,100,2.37,overcast clouds
143,Karwar,IN,14.8,74.1333,75.97,93,100,7.23,overcast clouds
144,Ahome,MX,25.9167,-109.1833,94.95,39,4,15.57,clear sky
145,Mar Del Plata,AR,-38.0023,-57.5575,47.08,57,75,8.05,broken clouds
146,Hirara,JP,24.8,125.2833,83.75,79,0,15.26,clear sky
147,Namatanai,PG,-3.6667,152.4333,79.99,80,85,4.47,overcast clouds
148,Coihaique,CL,-45.5752,-72.0662,38.01,64,0,4.61,clear sky
149,Colac,AU,-38.3333,143.5833,51.17,91,100,10.67,overcast clouds
150,Bani,DO,18.2833,-70.3333,89.04,66,99,10.71,overcast clouds
151,Bayir,TR,37.2687,28.2167,73.92,49,0,3.22,clear sky
152,Horasan,TR,40.0458,42.1728,50.22,89,28,2.46,scattered clouds
153,Nueve De Julio,AR,-35.4444,-60.8831,44.31,41,100,8.12,overcast clouds
154,Luderitz,NA,-26.6481,15.1594,56.19,73,0,5.32,clear sky
155,Iqaluit,CA,63.7506,-68.5145,44.33,70,40,8.05,scattered clouds
156,Igrim,RU,63.1906,64.4162,61.34,94,100,3.47,overcast clouds
157,Praia Da Vitoria,PT,38.7333,-27.0667,67.75,82,75,14.97,broken clouds
158,Rawson,AR,-43.3002,-65.1023,39.49,45,2,5.64,clear sky
159,Ilovlya,RU,49.3033,43.9796,64.98,88,100,6.15,overcast clouds
160,Omsukchan,RU,62.5333,155.8,45.68,90,85,10.54,overcast clouds
161,Tiksi,RU,71.6872,128.8694,41.86,56,11,17.11,few clouds
162,East London,ZA,-33.0153,27.9116,65.07,80,89,17.09,overcast clouds
163,Alta Floresta,BR,-9.8756,-56.0861,91.22,35,0,5.75,clear sky
164,Jalu,LY,29.0331,21.5482,85.6,23,0,9.31,clear sky
165,Hearst,CA,49.6835,-83.6665,68.25,31,28,9.73,scattered clouds
166,Ilanskiy,RU,56.2358,96.065,54.68,62,73,4.74,broken clouds
167,Maridi,SS,4.9158,29.4742,71.31,71,90,2.53,overcast clouds
168,Catamarca,AR,-28.4696,-65.7852,48.58,62,68,3.0,broken clouds
169,Thompson,CA,55.7435,-97.8558,78.96,27,40,17.27,scattered clouds
170,Lompoc,US,34.6391,-120.4579,74.84,70,0,17.27,clear sky
171,Olafsvik,IS,64.8945,-23.7142,45.46,63,52,20.29,broken clouds
172,Charlestown,AU,-32.95,151.6667,47.68,85,13,3.0,few clouds
173,Morros,BR,-9.4467,-46.3003,82.15,36,25,5.53,scattered clouds
174,Inhambane,MZ,-23.865,35.3833,68.88,69,93,10.74,overcast clouds
175,Madaba,JO,31.5833,35.6667,68.16,67,0,2.66,clear sky
176,Sosnovo-Ozerskoye,RU,52.5249,111.5418,46.65,70,8,3.89,clear sky
177,Tapejara,BR,-28.0681,-52.0139,70.18,93,21,7.23,few clouds
178,Srednekolymsk,RU,67.45,153.6833,52.79,91,100,8.23,light rain
179,Tulagi,SB,-9.0996,160.1476,82.04,72,38,4.21,scattered clouds
180,Vaini,TO,-21.2,-175.2,71.76,73,20,10.36,few clouds
181,Vicuna,CL,-30.0319,-70.7081,56.93,58,67,4.29,broken clouds
182,Kieta,PG,-6.2167,155.6333,79.16,83,100,2.35,light rain
183,Hamilton,US,39.1834,-84.5333,95.65,56,40,10.36,scattered clouds
184,Nordstemmen,DE,52.162,9.7835,69.55,78,68,4.0,broken clouds
185,Izhma,RU,65.0083,53.9113,50.81,71,100,9.24,overcast clouds
186,Norman Wells,CA,65.282,-126.8329,71.64,40,20,10.36,few clouds
187,Vila Do Maio,CV,15.1333,-23.2167,77.79,92,67,8.93,broken clouds
188,Bereda,ES,43.2686,-7.5406,59.58,100,100,1.57,overcast clouds
189,Buala,SB,-8.145,159.5921,81.27,80,18,5.23,few clouds
190,Camacha,PT,33.0833,-16.3333,65.62,68,75,12.66,broken clouds
191,Chapais,CA,49.7834,-74.8492,74.98,34,9,14.05,clear sky
192,Veraval,IN,20.9,70.3667,86.14,72,76,12.59,broken clouds
193,Soavinandriana,MG,-19.1667,46.7333,43.88,85,0,6.06,clear sky
194,Klaksvik,FO,62.2266,-6.589,50.92,84,89,25.12,overcast clouds
195,Isiro,CD,2.7739,27.616,66.15,93,70,1.01,broken clouds
196,Rongcheng,CN,30.634,117.8517,73.69,94,71,4.16,broken clouds
197,Deniliquin,AU,-35.5333,144.9667,50.14,95,100,5.61,overcast clouds
198,Kizhinga,RU,51.8462,109.9097,47.84,80,1,3.76,clear sky
199,Ola,RU,59.5833,151.2833,44.15,97,100,5.55,overcast clouds
200,Santa Maria,BR,-29.6842,-53.8069,58.3,100,100,9.22,mist
201,Bambous Virieux,MU,-20.3428,57.7575,66.45,82,75,10.36,light rain
202,Ponta Do Sol,PT,32.6667,-17.1,70.0,70,54,8.12,broken clouds
203,Kuala Terengganu,MY,5.3302,103.1408,76.95,94,20,3.44,few clouds
204,Takoradi,GH,4.8845,-1.7554,74.34,93,100,7.05,overcast clouds
205,Cartagena,CO,10.3997,-75.5144,85.62,74,75,8.05,broken clouds
206,Ko Samui,TH,9.5357,99.9357,82.81,74,97,10.96,overcast clouds
207,Turukhansk,RU,65.8167,87.9833,65.44,53,7,9.62,clear sky
208,Otane,NZ,-39.8833,176.6333,47.01,82,70,1.66,broken clouds
209,Geraldton,AU,-28.7667,114.6,52.21,100,40,9.22,scattered clouds
210,Saint-Joseph,RE,-21.3667,55.6167,64.78,67,7,2.73,clear sky
211,College,US,64.8569,-147.8028,72.59,54,75,9.22,smoke
212,Katherine,AU,-14.4667,132.2667,61.12,77,33,8.05,scattered clouds
213,Samarai,PG,-10.6167,150.6667,79.59,82,98,14.5,overcast clouds
214,Parichhatgarh,IN,28.9833,77.9333,86.72,41,29,6.08,scattered clouds
215,Kovdor,RU,67.5662,30.4758,44.47,81,86,2.73,overcast clouds
216,Mitzic,GA,0.7821,11.549,68.27,95,97,2.73,overcast clouds
217,Ahipara,NZ,-35.1667,173.1667,50.5,69,5,4.97,clear sky
218,Galesong,ID,-5.3166,119.3661,75.22,79,99,4.63,overcast clouds
219,La Ronge,CA,55.1001,-105.2842,66.45,63,75,9.22,broken clouds
220,Flinders,AU,-34.5833,150.8552,52.38,77,37,1.99,scattered clouds
221,Lavrentiya,RU,65.5833,-171.0,41.59,95,100,8.34,light rain
222,Gambela,ET,8.25,34.5833,71.71,91,100,3.76,moderate rain
223,Henties Bay,NA,-22.116,14.2845,55.71,85,0,9.78,clear sky
224,Opuwo,NA,-18.0607,13.84,51.31,13,0,3.44,clear sky
225,Mul,IN,20.0667,79.6667,78.73,88,65,3.29,broken clouds
226,Alice Springs,AU,-23.7,133.8833,38.75,87,0,5.75,clear sky
227,Alofi,NU,-19.0595,-169.9187,76.89,83,75,9.22,light intensity shower rain
228,Esna,EG,25.2934,32.554,84.22,27,0,12.91,clear sky
229,Etchoropo,MX,26.7667,-109.6667,104.41,44,2,15.35,clear sky
230,Praya,CV,14.9215,-23.5087,77.54,88,40,14.97,scattered clouds
231,Cuamba,MZ,-14.8031,36.5372,58.39,90,10,4.38,clear sky
232,San Pedro,PH,14.35,121.0167,76.23,92,100,2.3,heavy intensity rain
233,Zhuhai,CN,22.2769,113.5678,83.98,100,20,5.75,few clouds
234,Stromness,GB,58.965,-3.296,55.87,83,97,13.0,overcast clouds
235,Puerto Narino,CO,-3.7703,-70.3831,79.61,81,41,3.11,scattered clouds
236,Huarmey,PE,-10.0681,-78.1522,67.28,69,12,10.85,few clouds
237,Benguela,AO,-12.5763,13.4055,66.29,86,1,1.61,clear sky
238,Aksarayskiy,RU,46.7924,48.0119,72.41,59,98,6.29,overcast clouds
239,Fortuna,US,40.5982,-124.1573,73.09,72,0,0.0,clear sky
240,Yazykovo,RU,55.2199,56.1353,57.45,91,45,3.83,scattered clouds
241,Wanaka,NZ,-44.7,169.15,30.11,84,98,3.0,overcast clouds
242,Matamoros,MX,25.5333,-103.25,89.71,33,75,8.05,broken clouds
243,Namtsy,RU,62.7161,129.6658,66.47,56,15,8.14,few clouds
244,Suntar,RU,62.1444,117.6319,59.59,58,100,0.96,overcast clouds
245,Port Macquarie,AU,-31.4333,152.9167,40.89,69,0,4.81,clear sky
246,Hovd,MN,48.0056,91.6419,66.99,35,0,4.72,clear sky
247,Kupang,ID,-10.1667,123.5833,77.02,70,100,13.31,overcast clouds
248,Ajdabiya,LY,30.7554,20.2263,77.07,68,0,12.44,clear sky
249,Phan Thiet,VN,10.9333,108.1,77.11,84,100,2.8,overcast clouds
250,Saskylakh,RU,71.9167,114.0833,49.21,45,35,10.22,scattered clouds
251,Olenino,RU,56.2092,33.4889,51.08,94,17,5.48,few clouds
252,Salvador,SV,13.8333,-88.9167,86.04,75,100,0.89,overcast clouds
253,Suzaka,JP,36.65,138.3167,72.1,92,97,2.62,overcast clouds
254,Bacolod,PH,10.6667,122.95,77.99,82,94,3.18,overcast clouds
255,Omboue,GA,-1.5746,9.2618,70.21,84,9,7.47,clear sky
256,Oistins,BB,13.0667,-59.5333,86.09,70,40,12.66,scattered clouds
257,Miramar,US,25.9873,-80.2323,88.0,59,0,14.97,clear sky
258,Port Augusta,AU,-32.5,137.7667,51.4,86,93,9.01,overcast clouds
259,Paita,PE,-5.0892,-81.1144,68.36,72,18,18.1,few clouds
260,Piacabucu,BR,-10.4056,-36.4344,74.53,90,99,9.82,overcast clouds
261,Port Blair,IN,11.6667,92.75,81.79,79,100,8.84,overcast clouds
262,Tshane,BW,-24.0196,21.8684,50.63,44,0,6.06,clear sky
263,Marquard,ZA,-28.6645,27.4305,50.11,61,58,16.35,broken clouds
264,Gorontalo,ID,0.5412,123.0595,73.72,94,100,2.89,overcast clouds
265,Quelimane,MZ,-17.8786,36.8883,71.55,88,0,3.44,clear sky
266,San Policarpo,PH,12.1791,125.5072,80.85,81,100,6.13,heavy intensity rain
267,Selenginsk,RU,52.0064,106.8647,50.41,84,1,3.87,clear sky
268,Arona,ES,28.0996,-16.681,64.98,67,75,18.41,broken clouds
269,Bilibino,RU,68.0546,166.4372,59.4,37,96,14.05,overcast clouds
270,Lusambo,CD,-4.9667,23.45,73.18,45,34,0.96,scattered clouds
271,Rio Rancho,US,35.2334,-106.6645,70.88,75,100,8.05,overcast clouds
272,Mandalgovi,MN,45.7625,106.2708,61.0,52,63,7.07,broken clouds
273,Magistralnyy,RU,56.1725,107.4458,46.27,94,28,1.54,scattered clouds
274,Banjar,ID,-8.19,114.9675,76.1,87,98,3.44,overcast clouds
275,Egvekinot,RU,66.3167,-179.1667,38.39,90,100,2.51,overcast clouds
276,Churapcha,RU,62.0025,132.4325,63.18,62,11,5.12,few clouds
277,Yulara,AU,-25.2406,130.9889,49.39,55,0,7.49,clear sky
278,Mount Gambier,AU,-37.8333,140.7667,53.51,94,100,10.36,overcast clouds
279,Cape Coast,GH,5.1053,-1.2466,74.57,93,100,9.17,overcast clouds
280,Nyurba,RU,63.2842,118.3319,62.35,63,41,3.74,scattered clouds
281,Trinidad,BO,-14.8333,-64.9,89.58,55,20,13.8,few clouds
282,Itoman,JP,26.1247,127.6694,81.37,94,20,6.91,few clouds
283,Puerto Boyaca,CO,5.9758,-74.5885,88.68,58,3,0.67,clear sky
284,Pangkalanbuun,ID,-2.6833,111.6167,73.98,99,97,2.06,overcast clouds
285,El Jicaro,GT,14.9167,-89.9,90.93,65,90,5.48,overcast clouds
286,Nouadhibou,MR,20.931,-17.0347,75.18,73,10,12.66,clear sky
287,Tocopilla,CL,-22.092,-70.1979,62.6,58,9,4.03,clear sky
288,Port Lincoln,AU,-34.7333,135.8667,56.03,66,100,15.9,overcast clouds
289,Bend,US,44.0582,-121.3153,85.32,30,0,10.36,clear sky
290,Vastseliina,EE,57.7303,27.2932,52.0,76,6,0.58,clear sky
291,Marawi,PH,7.9986,124.2928,68.86,93,100,2.93,overcast clouds
292,Sao Joao Da Barra,BR,-21.6403,-41.0511,77.09,88,1,12.82,clear sky
293,Along,IN,28.1667,94.7667,73.85,99,99,1.45,overcast clouds
294,Saldanha,ZA,-33.0117,17.9442,60.85,91,85,5.55,overcast clouds
295,Vostok,RU,46.4856,135.8833,56.08,97,100,3.62,overcast clouds
296,Kamen-Rybolov,RU,44.7481,132.0403,60.66,95,100,10.04,moderate rain
297,Arraial Do Cabo,BR,-22.9661,-42.0278,76.96,78,0,9.22,clear sky
298,Korla,CN,41.7597,86.1469,82.38,17,26,7.96,scattered clouds
299,Sao Jose Da Coroa Grande,BR,-8.8978,-35.1478,74.84,94,100,6.82,heavy intensity rain
300,Ketchikan,US,55.3422,-131.6461,54.07,71,100,9.22,overcast clouds
301,Noumea,NC,-22.2763,166.4572,70.0,99,100,6.26,overcast clouds
302,Tezu,IN,27.9167,96.1667,74.55,97,94,3.09,overcast clouds
303,Kousseri,CM,12.0769,15.0306,90.28,39,16,3.33,few clouds
304,Hobyo,SO,5.3505,48.5268,77.99,82,100,25.84,overcast clouds
305,Esperance,AU,-33.8667,121.9,57.79,85,33,13.27,scattered clouds
306,Saint-Francois,FR,46.4154,3.9054,69.24,83,75,6.91,light rain
307,Lahaina,US,20.8783,-156.6825,84.2,82,100,8.34,overcast clouds
308,Bedele,ET,8.456,36.353,55.04,96,100,3.22,light rain
309,Kirakira,SB,-10.4544,161.9205,80.49,83,100,5.14,heavy intensity rain
310,Bethel,US,41.3712,-73.414,63.64,92,100,1.01,overcast clouds
311,Torremolinos,ES,36.6204,-4.4998,78.39,41,20,6.91,light rain
312,Yumen,CN,40.2833,97.2,72.48,29,1,8.5,clear sky
313,Portland,US,45.5234,-122.6762,81.14,60,20,9.22,few clouds
314,Boa Vista,BR,2.8197,-60.6733,84.18,65,75,8.05,thunderstorm
315,Caravelas,BR,-17.7125,-39.2481,71.64,87,0,4.76,clear sky
316,Hami,CN,42.8,93.45,83.97,12,1,5.35,clear sky
317,Bloemfontein,ZA,-29.1211,26.214,47.68,93,100,3.44,light rain
318,Katsuura,JP,35.1333,140.3,69.85,95,100,8.97,overcast clouds
319,Fukue,JP,32.6881,128.8419,75.61,90,24,17.02,few clouds
320,Iranshahr,IR,27.2025,60.6848,93.54,22,15,20.71,few clouds
321,Asfi,MA,32.2994,-9.2372,67.01,74,0,7.54,clear sky
322,Castrillon,ES,43.3979,-6.7922,56.32,99,100,0.74,overcast clouds
323,Triolet,MU,-20.0547,57.5453,66.49,78,6,4.0,clear sky
324,Husavik,IS,66.0449,-17.3389,39.42,82,100,20.51,overcast clouds
325,Nemuro,JP,43.3236,145.575,49.35,92,100,9.35,overcast clouds
326,Yinchuan,CN,38.4681,106.2731,73.99,50,0,7.99,clear sky
327,Parana,AR,-31.732,-60.5238,50.56,76,100,10.42,overcast clouds
328,Son La,VN,21.3167,103.9,69.82,98,100,1.48,overcast clouds
329,Lerwick,GB,60.1545,-1.1494,53.6,94,100,24.61,overcast clouds
330,Faanui,PF,-16.4833,-151.75,80.64,64,10,12.21,clear sky
331,Mount Isa,AU,-20.7333,139.5,58.77,51,0,8.05,clear sky
332,Port Hardy,CA,50.6996,-127.4199,55.58,67,75,9.22,broken clouds
333,Lewisville,US,33.0462,-96.9942,101.73,38,40,9.22,scattered clouds
334,Cidreira,BR,-30.1811,-50.2056,61.29,95,98,9.42,moderate rain
335,Strai,NO,58.2,7.9,61.39,66,0,11.5,clear sky
336,Lakes Entrance,AU,-37.8811,147.981,51.85,70,98,8.48,light rain
337,Saint-Pierre,RE,-21.3393,55.4781,65.88,55,75,9.22,broken clouds
338,Zhigalovo,RU,54.8097,105.1578,51.76,77,100,3.15,overcast clouds
339,Antalaha,MG,-14.9003,50.2788,66.81,72,64,9.26,broken clouds
340,Shatrovo,RU,56.5167,64.6333,59.38,84,100,13.71,overcast clouds
341,Sioux Lookout,CA,50.1001,-91.917,73.47,38,20,12.66,few clouds
342,North Platte,US,41.1239,-100.7654,89.49,33,0,12.66,clear sky
343,Naifaru,MV,5.4444,73.3657,82.42,77,100,10.2,overcast clouds
344,Haines Junction,CA,60.7522,-137.5108,57.15,72,100,9.22,overcast clouds
345,Nobres,BR,-14.7203,-56.3275,83.46,30,82,3.83,broken clouds
346,Aksha,RU,50.2814,113.2867,53.82,85,54,4.16,broken clouds
347,Russell,US,32.3502,-85.1999,100.11,27,0,10.36,clear sky
348,Borogontsy,RU,62.6683,131.1683,64.94,63,10,5.46,clear sky
349,Muros,ES,42.7762,-9.0603,64.09,81,90,6.71,overcast clouds
350,Kathu,TH,7.9178,98.3332,85.75,83,99,9.01,overcast clouds
351,Clyde River,CA,70.4692,-68.5914,39.43,87,75,9.22,broken clouds
352,Yacopi,CO,5.4595,-74.3382,71.94,82,56,1.7,broken clouds
353,Kavaratti,IN,10.5669,72.642,82.4,77,99,21.05,light rain
354,Tual,ID,-5.6667,132.75,82.13,78,88,19.75,overcast clouds
355,Bulgan,MN,48.8125,103.5347,52.5,86,19,1.95,few clouds
356,Lewistown,US,40.5992,-77.5714,88.54,79,0,10.36,clear sky
357,Ust-Kuyga,RU,70.0167,135.6,41.07,65,9,3.91,clear sky
358,Pisco,PE,-13.7,-76.2167,60.85,88,100,8.05,mist
359,La Tuque,CA,47.4334,-72.7824,68.25,73,86,8.05,overcast clouds
360,Helena,US,46.5927,-112.0361,85.82,33,0,8.99,clear sky
361,Rabo De Peixe,PT,37.8,-25.5833,64.27,89,40,25.32,light rain
362,Telimele,GN,10.9167,-13.3333,74.84,85,67,3.38,moderate rain
363,Leo,BF,11.1,-2.1,75.87,75,41,3.4,scattered clouds
364,Fare,PF,-16.7,-151.0167,80.51,65,11,11.34,few clouds
365,Victoria,HK,22.2855,114.1577,84.38,83,29,5.99,scattered clouds
366,Namwala,ZM,-15.7504,26.4384,56.52,70,0,5.75,clear sky
367,Bastrop,US,32.7562,-91.8724,98.28,52,7,3.0,clear sky
368,Ahmadnagar,IN,19.0833,74.7333,72.41,89,100,10.58,moderate rain
369,Ostrovnoy,RU,68.0531,39.5131,52.63,77,100,12.12,overcast clouds
370,Bukachacha,RU,52.9833,116.9167,50.47,96,87,3.87,overcast clouds
371,Nioro,GM,13.35,-15.75,90.07,47,38,3.47,scattered clouds
372,Qaqortoq,GL,60.7167,-46.0333,47.26,56,0,1.61,clear sky
373,Grindavik,IS,63.8424,-22.4338,46.87,93,75,10.36,broken clouds
374,Lorengau,PG,-2.0226,147.2712,80.15,79,63,2.19,light rain
375,Saint-Augustin,CA,51.226,-58.6502,56.39,72,98,15.93,overcast clouds
376,Wynyard,AU,-41.0,145.7167,55.15,88,100,11.18,overcast clouds
377,Okhotsk,RU,59.3833,143.3,48.58,91,98,6.13,overcast clouds
378,Pemangkat,ID,1.1667,108.9667,77.14,89,100,4.81,overcast clouds
379,Mineros,BO,-17.1167,-63.2333,88.84,34,22,10.04,few clouds
380,Shelbyville,US,35.4834,-86.4603,99.97,41,0,11.5,clear sky
381,Moose Factory,CA,51.2585,-80.6094,62.6,55,75,13.8,broken clouds
382,Pingdingshan,CN,33.7385,113.3012,79.34,89,100,3.91,very heavy rain
383,Corn Island,NI,12.1694,-83.0418,80.87,78,66,17.34,broken clouds
384,Eyl,SO,7.9803,49.8164,77.27,80,95,25.08,overcast clouds
385,San Jeronimo,PE,-11.9472,-75.2829,59.59,43,43,5.73,scattered clouds
386,Champerico,GT,14.3,-91.9167,88.34,75,100,10.74,overcast clouds
387,Urumqi,CN,43.801,87.6005,79.75,21,0,4.47,clear sky
388,Grootfontein,NA,-19.5667,18.1167,51.37,35,0,5.75,clear sky
389,Gunjur,GM,13.2019,-16.7339,82.47,83,20,8.05,few clouds
390,Zadar,HR,44.1197,15.2422,75.81,69,0,4.61,clear sky
391,Grand Gaube,MU,-20.0064,57.6608,66.6,77,18,4.0,few clouds
392,Tingo Maria,PE,-9.2895,-76.0088,83.61,53,7,4.72,clear sky
393,Torbay,CA,47.6666,-52.7314,70.88,49,40,17.27,scattered clouds
394,Kahului,US,20.8947,-156.47,84.22,65,40,19.57,scattered clouds
395,La Ciotat,FR,43.1748,5.6045,78.6,83,0,7.72,clear sky
396,Payo,ID,-3.7508,103.6372,71.8,98,100,1.83,overcast clouds
397,Una,IN,20.8167,71.0333,86.31,65,81,11.03,broken clouds
398,Coffs Harbour,AU,-30.3,153.1333,48.13,93,0,1.14,mist
399,Montevideo,UY,-34.8335,-56.1674,48.22,66,75,14.97,broken clouds
400,Caxias,PT,38.7031,-9.2767,66.92,74,20,6.91,few clouds
401,San Bartolome De Tirajana,ES,27.9248,-15.5733,61.32,71,20,11.5,few clouds
402,Marsh Harbour,BS,26.5412,-77.0636,78.46,56,100,13.29,overcast clouds
403,Sao Filipe,CV,14.8961,-24.4956,76.17,88,54,4.85,broken clouds
404,Palmer,US,42.1584,-72.3287,66.61,94,100,0.0,light rain
405,Eenhana,NA,-17.4667,16.3333,53.1,29,0,6.98,clear sky
406,Nigel,ZA,-26.4314,28.4771,50.38,80,0,14.9,clear sky
407,Petropavlovsk-Kamchatskiy,RU,53.0452,158.6483,46.99,100,100,4.47,mist
408,Vao,NC,-22.6667,167.4833,71.42,65,100,18.72,overcast clouds
409,Gornopravdinsk,RU,60.05,69.9,53.17,97,50,4.47,scattered clouds
410,Minot,US,48.2325,-101.2963,82.8,34,20,17.27,few clouds
411,Cockburn Town,TC,21.4612,-71.1419,81.28,74,7,8.93,clear sky
412,Kaitong,CN,44.8135,123.15,68.14,91,94,7.16,overcast clouds
413,Gao,ML,16.6362,1.637,95.16,29,7,14.56,clear sky
414,Bar Harbor,US,44.3876,-68.2039,63.46,71,0,14.97,clear sky
415,Helong,CN,42.5397,128.9972,64.74,97,100,3.04,moderate rain
416,Sharjah,AE,25.3573,55.4033,100.38,18,0,4.61,clear sky
417,Manzhouli,CN,49.6,117.4333,62.31,64,100,3.62,light rain
418,Inverell,AU,-29.7833,151.1167,40.15,74,3,3.85,clear sky
419,Nhulunbuy,AU,-12.2333,136.7667,77.61,65,97,17.27,overcast clouds
420,Norilsk,RU,69.3535,88.2027,67.42,41,86,4.29,overcast clouds
421,Aksarka,RU,66.5606,67.7975,60.84,88,14,9.24,few clouds
422,Ampanihy,MG,-24.7,44.75,58.96,71,15,12.01,few clouds
423,Oranjemund,NA,-28.55,16.4333,53.83,87,0,1.07,clear sky
424,Smirnykh,RU,49.75,142.8333,48.92,96,100,6.55,overcast clouds
425,Linjiang,CN,41.8069,126.9078,65.73,99,100,2.26,overcast clouds
426,Worland,US,44.0169,-107.9554,86.67,21,0,6.91,clear sky
427,Tirano,IT,46.2154,10.1679,70.18,99,59,3.04,broken clouds
428,Anse-Bertrand,GP,16.4721,-61.5078,85.95,100,1,13.02,clear sky
429,Ewa Beach,US,21.3156,-158.0072,82.44,58,40,12.66,scattered clouds
430,Mikuni,JP,36.2171,136.1519,71.51,86,35,4.97,scattered clouds
431,Nichinan,JP,31.6,131.3667,75.52,94,15,6.4,few clouds
432,Calama,CL,-22.4667,-68.9333,63.09,12,0,26.46,clear sky
433,Gizo,SB,-8.103,156.8419,81.91,75,10,5.03,clear sky
434,Myaundzha,RU,63.0494,147.1858,56.39,85,100,3.24,light rain
435,Miandrivazo,MG,-19.5167,45.4667,65.32,64,0,1.66,clear sky
436,Bossier City,US,32.516,-93.7321,100.89,39,0,5.75,clear sky
437,Tambura,SS,5.6,27.4667,72.23,77,35,1.83,scattered clouds
438,Biak,ID,-0.9131,122.8766,75.34,87,100,5.08,overcast clouds
439,Pontianak,ID,-0.0333,109.3333,75.18,100,100,4.61,mist
440,Walvis Bay,NA,-22.9575,14.5053,57.09,82,0,5.75,clear sky
441,Ghazipur,IN,25.5833,83.5667,91.18,50,17,7.54,few clouds
442,Puerto Colombia,CO,10.9878,-74.9547,86.09,76,88,12.93,overcast clouds
443,Tucupita,VE,9.0622,-62.051,79.56,90,63,3.8,broken clouds
444,Bubaque,GW,11.2833,-15.8333,81.64,83,98,12.19,light rain
445,Santa Fe,AR,-31.6333,-60.7,50.02,70,100,7.0,overcast clouds
446,Suifenhe,CN,44.4,131.1667,60.03,100,100,2.71,overcast clouds
447,Harrisonburg,US,38.4496,-78.8689,90.77,64,89,7.05,overcast clouds
448,Kudahuvadhoo,MV,2.6708,72.8944,83.14,72,77,5.32,broken clouds
449,Kiama,AU,-34.6833,150.8667,52.57,78,48,7.0,scattered clouds
450,Lensk,RU,60.7253,114.9278,57.7,55,100,1.59,overcast clouds
451,Cherskiy,RU,68.75,161.3,61.32,40,100,19.69,overcast clouds
452,Richards Bay,ZA,-28.783,32.0377,66.51,68,100,6.98,overcast clouds
453,Mapiri,BO,-15.25,-68.1667,76.44,70,56,1.7,broken clouds
454,Kaitangata,NZ,-46.2817,169.8464,33.24,70,75,3.94,broken clouds
455,Boundiali,CI,9.5217,-6.4869,72.75,88,100,1.19,light rain
456,Teahupoo,PF,-17.8333,-149.2667,78.76,77,10,11.79,clear sky
457,Barcelos,PT,41.5388,-8.6151,64.85,94,13,2.04,few clouds
458,Terrace Bay,CA,48.7834,-87.1,54.55,66,4,13.78,clear sky
459,Paciran,ID,-6.8767,112.3761,77.41,81,99,7.54,overcast clouds
460,Shingu,JP,33.7333,135.9833,73.18,88,0,1.86,clear sky
461,Ulladulla,AU,-35.35,150.4667,46.78,85,66,4.59,broken clouds
462,Cervo,ES,43.6702,-7.4101,61.97,90,100,6.44,overcast clouds
463,Gera,DE,50.8803,12.0819,68.92,56,81,3.42,broken clouds
464,Najran,SA,17.4924,44.1277,86.65,43,100,5.79,overcast clouds
465,Tateyama,JP,34.9833,139.8667,73.09,91,98,6.58,overcast clouds
466,Umm Kaddadah,SD,13.6017,26.6876,94.12,13,7,8.55,clear sky
467,Garowe,SO,8.4054,48.4845,78.51,56,75,25.52,broken clouds
468,Reyes,BO,-14.3167,-67.3833,87.96,62,20,9.22,few clouds
469,Manaure,CO,11.7751,-72.4445,89.73,54,20,10.58,few clouds
470,Mali,GN,12.079,-12.2982,64.15,79,50,3.09,light rain
471,Matay,EG,28.419,30.7792,81.86,39,0,15.23,clear sky
472,Northam,GB,51.0333,-4.2167,64.62,71,0,4.21,clear sky
473,Qui Nhon,VN,13.7667,109.2333,77.4,82,100,3.94,overcast clouds
474,Padang,ID,-0.9492,100.3543,75.97,87,96,4.09,overcast clouds
475,Ovalle,CL,-30.5983,-71.2003,61.12,54,96,10.18,overcast clouds
476,Los Llanos De Aridane,ES,28.6585,-17.9182,65.95,85,100,9.22,overcast clouds
477,Jinchang,CN,38.4953,102.1739,69.96,45,0,5.5,clear sky
478,Namibe,AO,-15.1961,12.1522,62.01,72,0,2.35,clear sky
479,Itarema,BR,-2.9248,-39.9167,76.73,86,51,10.4,broken clouds
480,Airai,TL,-8.9266,125.4092,54.88,87,73,3.49,broken clouds
481,Morganton,US,35.7454,-81.6848,99.23,31,0,8.05,clear sky
482,Vila Velha,BR,-20.3297,-40.2925,76.95,84,0,9.22,clear sky
483,Sehithwa,BW,-20.4667,22.7167,62.4,42,50,5.84,scattered clouds
484,Vardo,NO,70.3705,31.1107,44.58,93,75,6.91,broken clouds
485,Lake Saint Louis,US,38.7976,-90.7857,90.95,53,40,9.22,scattered clouds
486,Kuching,MY,1.55,110.3333,75.42,94,20,2.3,few clouds
487,Harstad,NO,68.799,16.5293,49.62,88,100,15.99,overcast clouds
488,Tessalit,ML,20.1986,1.0114,99.14,10,96,9.13,overcast clouds
489,Nome,US,64.5011,-165.4064,44.17,100,100,12.66,light rain
490,Bachatskiy,RU,54.2927,86.1285,59.72,98,66,2.42,light rain
491,Kolpashevo,RU,58.3131,82.9089,54.37,94,23,5.88,few clouds
492,Demirci,TR,39.0461,28.6589,66.69,70,78,4.5,broken clouds
493,Port Shepstone,ZA,-30.7414,30.455,66.2,81,40,24.38,scattered clouds
494,Marshall,US,34.3834,-86.3333,99.09,44,0,4.61,clear sky
495,Ourossogui,SN,15.6064,-13.3211,85.08,61,59,17.47,moderate rain
496,Isla Mujeres,MX,21.2311,-86.731,87.17,71,48,10.13,scattered clouds
497,Haverfordwest,GB,51.8017,-4.9691,65.79,75,5,7.47,clear sky
498,Tairua,NZ,-37.0167,175.85,51.39,75,25,5.37,scattered clouds
499,Prince Rupert,CA,54.3161,-130.3201,53.69,81,100,8.05,overcast clouds
500,Carauari,BR,-4.8828,-66.8958,77.92,83,100,3.02,overcast clouds
501,Concarneau,FR,47.875,-3.9225,63.39,91,100,1.21,light rain
502,Yavatmal,IN,20.4,78.1333,77.65,81,99,3.15,overcast clouds
503,Gore,NZ,-46.1028,168.9436,31.77,70,100,2.28,overcast clouds
504,Broken Hill,AU,-31.95,141.4333,50.79,74,81,9.86,broken clouds
505,Ilebo,CD,-4.3167,20.5833,70.66,88,29,1.7,scattered clouds
506,Krems,AT,48.4092,15.6142,68.14,94,100,2.91,light rain
507,Rocha,UY,-34.4833,-54.3333,46.85,80,100,8.95,overcast clouds
508,Ahuimanu,US,21.4447,-157.8378,82.2,65,75,12.66,broken clouds
509,Kisaran,ID,2.9845,99.6158,73.45,99,100,2.39,overcast clouds
510,Santa Rita,BR,-7.1139,-34.9781,72.27,94,75,2.3,moderate rain
511,Trairi,BR,-3.2778,-39.2689,74.77,88,99,6.76,overcast clouds
512,Dingle,PH,10.9995,122.6711,76.77,88,100,4.03,overcast clouds
513,Povenets,RU,62.8487,34.8262,54.07,71,80,3.76,broken clouds
514,Choix,MX,26.7092,-108.3219,106.25,21,11,11.3,few clouds
515,Salinopolis,BR,-0.6136,-47.3561,78.13,84,96,8.3,overcast clouds
516,Ostersund,SE,63.1792,14.6357,61.25,59,0,9.22,light rain
517,Warmbad,NA,-28.45,18.7333,54.64,75,99,12.41,overcast clouds
518,Moerai,PF,-22.4333,-151.3333,76.89,76,58,15.01,broken clouds
519,San Rafael,AR,-34.6177,-68.3301,39.38,61,100,6.17,light rain
520,Skjervoy,NO,70.0311,20.9714,46.4,71,76,14.14,broken clouds
521,Muli,MV,2.9167,73.5667,83.1,72,98,4.94,overcast clouds
522,Huambo,AO,-12.7761,15.7392,55.38,38,0,4.23,clear sky
523,Waynesville,US,35.4887,-82.9887,91.49,41,0,1.99,clear sky
524,Iquique,CL,-20.2208,-70.1431,62.64,67,2,5.75,clear sky
525,Malanje,AO,-9.5402,16.341,70.86,53,90,3.85,overcast clouds
526,Port-Cartier,CA,50.0334,-66.8654,55.74,87,98,6.26,overcast clouds
527,Puerto Penasco,MX,31.3167,-113.5333,88.92,65,0,8.99,clear sky
528,Ontario,US,34.0633,-117.6509,97.25,39,75,12.66,broken clouds
529,Jacksonville,US,30.3322,-81.6556,97.02,48,40,9.22,scattered clouds
530,Constitucion,CL,-35.3333,-72.4167,53.96,81,100,10.74,overcast clouds
531,Marzuq,YE,14.4,46.4667,84.16,30,91,6.78,overcast clouds
532,Mvomero,TZ,-6.25,38.6667,66.29,89,5,3.24,clear sky
533,Grenville,GD,12.1167,-61.6167,84.25,79,71,13.65,broken clouds
534,Kabinda,CD,-6.1333,24.4833,68.36,41,21,4.63,few clouds
535,Faya,SA,18.3851,42.4509,73.51,50,87,3.02,overcast clouds
536,Abu Samrah,SY,35.3029,37.1841,73.17,60,0,9.08,clear sky
537,Nabire,ID,-3.3667,135.4833,74.7,92,99,2.84,overcast clouds
538,Timmins,CA,48.4669,-81.3331,69.62,60,75,13.8,broken clouds
539,Brae,GB,60.3964,-1.353,52.86,97,100,22.1,light rain
540,Nizwa,OM,22.9333,57.5333,85.44,57,0,6.67,clear sky
541,Bandrele,YT,-12.9067,45.1914,78.55,65,0,11.5,clear sky
542,Batagay-Alyta,RU,67.8006,130.4114,42.67,81,97,0.92,overcast clouds
543,Abha,SA,18.2164,42.5053,73.22,73,0,0.0,clear sky
544,Mackay,AU,-21.15,149.2,53.69,80,11,12.44,few clouds
545,Tuatapere,NZ,-46.1333,167.6833,36.43,75,96,4.76,overcast clouds
546,Kaman,IN,27.65,77.2667,91.6,39,57,6.11,broken clouds
547,Sobrance,SK,48.7445,22.1814,63.82,65,16,6.42,few clouds
548,Nalvo,PH,16.8096,120.5108,72.45,82,100,4.12,moderate rain
549,Roald,NO,62.5833,6.1333,58.33,94,75,23.02,light rain
550,Mnogovershinnyy,RU,53.9353,139.9242,60.55,76,55,4.29,broken clouds
551,Lydenburg,ZA,-25.0978,30.4597,51.4,94,52,3.02,broken clouds
552,Alzamay,RU,55.5562,98.6644,48.69,85,8,2.73,clear sky
553,Kulhudhuffushi,MV,6.6221,73.07,82.51,76,100,12.15,overcast clouds
554,Karratha,AU,-20.7377,116.8463,70.5,36,0,11.1,clear sky
555,Anadyr,RU,64.75,177.4833,50.5,93,20,13.42,fog
556,Coahuayana,MX,18.7333,-103.6833,86.45,64,100,5.79,overcast clouds
557,Comodoro Rivadavia,AR,-45.8667,-67.5,40.86,52,0,4.61,clear sky
558,Pangody,RU,65.85,74.4859,65.61,72,4,8.72,clear sky
559,Kez,RU,57.8979,53.7152,50.43,97,5,2.35,clear sky
560,Margate,GB,51.3813,1.3862,61.7,79,0,4.0,clear sky
561,Alugan,PH,12.2188,125.4808,80.17,83,100,6.06,heavy intensity rain
562,Bath,GB,51.3779,-2.3591,69.06,65,7,5.1,clear sky
563,Iskateley,RU,67.6803,53.1512,40.3,85,100,12.37,overcast clouds
564,Lulea,SE,65.5842,22.1547,51.87,71,0,8.05,clear sky
565,Freeport,US,40.6576,-73.5832,65.46,82,100,8.05,overcast clouds
566,Broome,US,42.2506,-75.833,77.77,74,75,16.11,broken clouds
567,Alekseyevsk,RU,57.8406,108.3492,47.59,97,31,1.28,scattered clouds
568,Jaisalmer,IN,26.9147,70.9181,87.69,41,0,8.37,clear sky
569,Sabang,ID,5.8933,95.3214,81.23,78,100,16.17,light rain
570,Montepuez,MZ,-13.1256,38.9997,65.75,61,91,4.25,overcast clouds
571,Takestan,IR,36.0696,49.6959,75.33,21,0,11.88,clear sky
572,Sawakin,SD,19.1059,37.3321,86.95,49,10,7.63,clear sky
573,Altay,CN,47.8667,88.1167,69.67,35,0,8.25,clear sky
574,Iralaya,HN,15.0,-83.2333,83.37,68,14,10.25,few clouds
575,Vestmanna,FO,62.1564,-7.1664,49.12,87,75,19.57,broken clouds
576,Mehamn,NO,71.0357,27.8492,42.75,87,75,6.91,broken clouds
577,Nazilli,TR,37.9163,28.3223,78.1,48,3,3.65,clear sky
578,Saint-Louis,SN,16.3333,-15.0,96.71,34,14,7.67,few clouds
579,Atar,MR,20.5169,-13.0499,96.55,29,30,13.0,scattered clouds
580,Le Port,RE,-20.9373,55.2919,66.2,71,39,3.24,scattered clouds
581,Hays,US,30.0502,-98.0336,98.6,41,92,1.01,overcast clouds
582,Miri,MY,4.4148,114.0089,77.14,100,40,1.14,scattered clouds
583,Saint-Michel-Des-Saints,CA,46.6834,-73.9159,65.93,82,97,9.1,overcast clouds
584,Konitsa,GR,40.0486,20.7567,74.25,63,0,4.09,clear sky
585,Christchurch,NZ,-43.5333,172.6333,32.41,100,35,0.0,scattered clouds
586,Pula,HR,44.8683,13.8481,70.36,88,0,2.3,clear sky
587,Dalvik,IS,65.9702,-18.5286,42.73,78,95,9.95,overcast clouds
588,San Patricio,US,28.017,-97.5169,96.08,36,5,15.08,clear sky
589,Kismayo,SO,-0.3582,42.5454,77.27,77,59,18.86,broken clouds
590,Muroran,JP,42.3172,140.9881,57.92,94,100,15.43,overcast clouds
591,Komarikhinskiy,RU,58.0979,57.1163,51.93,99,26,4.52,scattered clouds
592,Kortkeros,RU,61.8106,51.5806,51.8,97,100,6.69,moderate rain
593,Paranaiba,BR,-19.6772,-51.1908,78.1,40,16,2.98,few clouds
594,Wajima,JP,37.4,136.9,70.77,91,86,9.6,overcast clouds
595,Stryn,NO,61.9045,6.7226,60.1,93,100,9.73,overcast clouds
596,Kaeo,NZ,-35.1,173.7833,46.33,96,3,4.12,clear sky
597,Dutlwe,BW,-23.9833,23.9,61.63,42,89,6.53,overcast clouds
598,Clovis,US,36.8252,-119.7029,95.61,28,100,13.8,overcast clouds
599,Kisangani,CD,0.5167,25.2,71.1,96,55,2.28,light rain
600,Honiara,SB,-9.4333,159.95,79.38,80,41,3.56,scattered clouds
601,Kushima,JP,31.4583,131.2333,76.01,97,32,5.5,scattered clouds
602,Barao De Melgaco,BR,-16.1944,-55.9675,84.29,30,61,2.98,broken clouds
603,Khandyga,RU,62.6667,135.6,66.96,72,2,1.32,clear sky
604,Nuuk,GL,64.1835,-51.7216,41.88,81,97,3.0,overcast clouds
605,Honningsvag,NO,70.9821,25.9704,42.55,93,75,6.91,broken clouds
606,Jumla,NP,29.2747,82.1838,57.24,93,12,1.01,few clouds
607,Shetpe,KZ,44.1667,52.1167,86.52,15,0,16.6,clear sky
608,Banjarmasin,ID,-3.3244,114.591,73.54,96,100,3.15,overcast clouds
609,Ust-Nera,RU,64.5667,143.2,61.47,73,19,8.68,few clouds
610,Tutoia,BR,-2.7619,-42.2744,78.35,77,15,7.7,few clouds
611,Metro,ID,-5.1131,105.3067,74.34,93,100,1.3,light rain
612,Leningradskiy,RU,69.3833,178.4167,45.91,62,63,9.98,broken clouds
613,Sarangani,PH,5.4033,125.4636,82.83,74,53,12.64,broken clouds
614,Alyangula,AU,-13.8483,136.4192,74.19,66,16,19.26,few clouds
615,Okahandja,NA,-21.9833,16.9167,45.28,32,0,2.33,clear sky
616,Faro,PT,37.0194,-7.9322,66.18,82,20,12.66,few clouds
617,Deputatskiy,RU,69.3,139.9,38.48,64,59,10.69,broken clouds
618,Tsurib,RU,42.2368,46.8307,56.41,93,100,2.21,moderate rain
619,Bedford,GB,52.1346,-0.4663,71.1,79,35,8.1,scattered clouds
620,Coquimbo,CL,-29.9533,-71.3436,64.13,59,40,20.71,dust
621,Lichuan,CN,30.3,108.85,68.09,99,98,3.2,overcast clouds
622,Turmalina,BR,-17.2856,-42.73,67.57,47,7,2.93,clear sky
623,Stykkisholmur,IS,65.0757,-22.7297,43.9,64,75,20.71,broken clouds
624,Kalmunai,LK,7.4167,81.8167,80.91,75,100,5.88,overcast clouds
625,Lewiston,US,44.1003,-70.2148,70.43,64,0,12.66,clear sky
626,Torrington,US,41.8007,-73.1212,62.69,96,99,7.27,overcast clouds
627,Bridlington,GB,54.0831,-0.1919,62.15,88,60,10.89,broken clouds
628,Jaguey Grande,CU,22.5269,-81.1286,86.16,54,100,10.16,overcast clouds
629,Mahishadal,IN,22.1833,87.9833,81.07,84,73,6.85,broken clouds
630,Niono,ML,14.2526,-5.993,79.93,70,100,11.14,light rain
631,Okato,NZ,-39.2,173.8833,44.91,100,100,5.39,overcast clouds
632,Inuvik,CA,68.3499,-133.7218,69.01,52,75,5.75,broken clouds
633,Nishihara,JP,26.1842,127.7558,80.65,94,20,8.05,few clouds
634,La Rioja,ES,42.25,-2.5,60.58,61,83,2.59,broken clouds
635,Pimentel,PE,-6.8367,-79.9342,70.09,60,0,17.27,clear sky
636,Uchaly,RU,54.2996,59.4521,54.86,86,34,3.24,scattered clouds
637,Magnolia,US,33.2671,-93.2393,96.49,47,60,6.67,broken clouds
638,Ulaanbaatar,MN,47.9077,106.8832,48.33,87,0,2.24,clear sky
639,Porto De Moz,BR,-1.7483,-52.2383,76.75,94,67,3.62,broken clouds
640,Sorland,NO,67.667,12.6934,48.06,89,100,33.98,light rain
641,Yar-Sale,RU,66.8333,70.8333,64.06,70,6,6.46,light rain
642,Tilichiki,RU,60.4667,166.1,44.47,97,100,1.32,overcast clouds
643,Road Town,VG,18.4167,-64.6167,87.84,62,40,8.05,scattered clouds
644,Sovetskiy,RU,61.3614,63.5842,58.01,97,44,1.79,scattered clouds
645,Klyuchi,RU,52.2667,79.1667,67.14,45,2,7.34,clear sky
646,Te Anau,NZ,-45.4167,167.7167,30.58,87,78,1.1,broken clouds
647,Luanda,AO,-8.8368,13.2343,69.8,78,75,5.75,broken clouds
648,Ormara,PK,25.2088,64.6357,83.84,78,42,3.89,scattered clouds
649,Tarancon,ES,40.0085,-3.0073,62.58,43,3,6.17,clear sky
650,Togitsu,JP,32.8333,129.85,76.98,88,93,9.26,overcast clouds
651,Krasnoselkup,RU,65.7,82.4667,66.87,53,63,9.98,broken clouds
652,Okha,RU,53.5739,142.9478,54.03,84,63,14.25,broken clouds
653,Kristiansund,NO,63.1115,7.732,56.05,76,75,9.22,drizzle
654,Gobabis,NA,-22.45,18.9667,45.23,36,0,5.95,clear sky
655,Villaviciosa,ES,43.4813,-5.4357,64.0,92,98,2.48,overcast clouds
656,Flin Flon,CA,54.7682,-101.865,73.24,40,100,12.66,overcast clouds
657,Atherton,GB,53.5237,-2.4935,66.34,72,39,3.18,scattered clouds
658,Pangnirtung,CA,66.1451,-65.7125,41.0,87,20,11.5,few clouds
659,Bela,IN,25.9333,81.9833,91.89,45,65,5.28,broken clouds
660,Uyskoye,RU,54.3775,60.0047,57.49,86,16,1.9,few clouds
661,Taoudenni,ML,22.6783,-3.9836,103.19,14,29,8.63,scattered clouds
662,Ambilobe,MG,-13.2,49.05,67.75,79,57,5.32,broken clouds
663,Burnie,AU,-41.0667,145.9167,54.36,90,99,11.07,light rain
664,Bosaso,SO,11.2842,49.1816,91.71,41,71,24.52,broken clouds
665,Tukrah,LY,32.5341,20.5791,74.84,84,0,6.78,clear sky
666,Artigas,UY,-30.4,-56.4667,51.1,96,100,11.92,overcast clouds
667,Lanzhou,CN,36.0564,103.7922,67.28,64,0,1.28,clear sky
668,Wageningen,NL,51.9667,5.6667,69.89,56,28,6.91,scattered clouds
669,Nizhnevartovsk,RU,60.9344,76.5531,59.02,100,0,4.47,clear sky
670,Kamenka,RU,51.3223,42.7678,61.57,93,92,6.13,overcast clouds
671,Malakal,SS,9.5334,31.6605,80.92,57,72,2.48,light rain
672,Moissala,TD,8.3404,17.7663,76.69,71,22,2.21,few clouds
673,Cabo San Lucas,MX,22.8909,-109.9124,94.6,65,71,9.04,broken clouds
674,Bandarbeyla,SO,9.4942,50.8122,77.02,82,91,29.89,overcast clouds
675,Bentiu,SS,9.2333,29.8333,85.51,44,55,4.76,broken clouds
676,Bambanglipuro,ID,-7.95,110.2833,74.43,85,69,4.09,broken clouds
677,Hailar,CN,49.2,119.7,61.43,79,83,1.9,broken clouds
678,Kenscoff,HT,18.4506,-72.2869,73.54,58,91,11.5,overcast clouds
679,Whitehaven,GB,54.549,-3.5841,60.66,83,84,1.01,broken clouds
680,Jyvaskyla,FI,62.2415,25.7209,57.54,92,0,3.44,clear sky
681,Adrar,MR,20.5022,-10.0711,93.49,27,2,14.2,clear sky
682,Chagoda,RU,59.164,35.3285,48.81,77,5,4.16,clear sky
683,Binzhou,CN,37.3667,118.0167,77.81,92,100,1.1,overcast clouds
684,Deer Lake,CA,49.1667,-57.4316,66.06,59,75,11.5,broken clouds
685,Varena,LT,54.2167,24.5667,53.06,90,34,3.33,scattered clouds
686,Puerto Escondido,MX,15.85,-97.0667,81.54,78,100,8.46,overcast clouds
687,Moyo,UG,3.6609,31.7247,65.98,87,82,1.32,broken clouds
688,Krasnokamensk,RU,50.0979,118.0369,62.29,66,100,3.78,light rain
689,Buraydah,SA,26.326,43.975,93.65,15,10,11.63,clear sky
690,Rawlins,US,41.7911,-107.2387,82.29,9,0,15.01,clear sky
691,Sobolevo,RU,54.4299,31.8996,53.49,92,30,9.95,scattered clouds
692,Ryde,GB,50.73,-1.1621,66.42,79,1,6.69,clear sky
693,Melnikovo,RU,56.5558,84.085,60.26,98,75,5.77,light rain
694,Taltal,CL,-25.4,-70.4833,60.46,50,100,3.6,overcast clouds
695,Sola,VU,-13.8833,167.55,80.01,79,99,17.34,light rain
696,Shelburne,CA,44.0787,-80.2041,77.9,58,18,13.6,few clouds
